sample_index,replay_index,stamp_sec,stamp_nanosec,time_sec,frame_id
0,0,1778134297,416955220,1778134297.4169552,camera_link
1,1,1778134298,411476098,1778134298.4114761,camera_link
2,2,1778134299,412789488,1778134299.4127896,camera_link
3,3,1778134300,413521490,1778134300.4135215,camera_link
4,4,1778134301,412056022,1778134301.412056,camera_link
5,5,1778134302,411461716,1778134302.4114618,camera_link
6,6,1778134303,413804917,1778134303.413805,camera_link
7,7,1778134304,411909593,1778134304.4119096,camera_link
8,8,1778134305,416771686,1778134305.4167717,camera_link
9,9,1778134306,417150545,1778134306.4171505,camera_link
10,10,1778134307,420744579,1778134307.4207447,camera_link
11,11,1778134308,420585308,1778134308.4205854,camera_link
12,12,1778134309,420803414,1778134309.4208033,camera_link
13,13,1778134310,421871695,1778134310.4218717,camera_link
14,14,1778134311,420021693,1778134311.4200218,camera_link
15,15,1778134312,423556037,1778134312.423556,camera_link
16,16,1778134313,420032669,1778134313.4200327,camera_link
17,17,1778134314,420660111,1778134314.42066,camera_link
18,18,1778134315,421038338,1778134315.4210384,camera_link
19,19,1778134316,420683258,1778134316.4206831,camera_link
20,20,1778134317,411577273,1778134317.4115772,camera_link
21,21,1778134318,422115976,1778134318.422116,camera_link
22,22,1778134319,418643501,1778134319.4186435,camera_link
23,23,1778134320,420560311,1778134320.4205604,camera_link
24,24,1778134321,450265516,1778134321.4502654,camera_link
25,25,1778134322,419276926,1778134322.419277,camera_link
26,26,1778134323,422469738,1778134323.4224699,camera_link
27,27,1778134324,423390508,1778134324.4233906,camera_link
28,28,1778134325,422053657,1778134325.4220536,camera_link
29,29,1778134326,422347664,1778134326.4223475,camera_link
30,30,1778134327,421883187,1778134327.421883,camera_link
31,31,1778134328,421954456,1778134328.4219544,camera_link
32,32,1778134329,422719374,1778134329.4227195,camera_link
33,33,1778134330,420506791,1778134330.4205067,camera_link
34,34,1778134331,422255161,1778134331.4222553,camera_link
35,35,1778134332,421978836,1778134332.421979,camera_link
36,36,1778134333,422606347,1778134333.4226062,camera_link
37,37,1778134334,422351132,1778134334.4223511,camera_link
38,38,1778134335,422102419,1778134335.4221025,camera_link
39,39,1778134336,422969519,1778134336.4229696,camera_link
40,40,1778134337,422208134,1778134337.422208,camera_link
41,41,1778134338,422379156,1778134338.4223793,camera_link
42,42,1778134339,422369834,1778134339.4223697,camera_link
43,43,1778134340,422272883,1778134340.422273,camera_link
44,44,1778134341,422180582,1778134341.4221807,camera_link
45,45,1778134342,422021977,1778134342.4220219,camera_link
46,46,1778134343,422186669,1778134343.4221866,camera_link
47,47,1778134344,418684935,1778134344.418685,camera_link
48,48,1778134345,422058331,1778134345.4220583,camera_link
49,49,1778134346,422247898,1778134346.422248,camera_link
50,50,1778134347,422398160,1778134347.422398,camera_link
51,51,1778134348,422409463,1778134348.4224095,camera_link
52,52,1778134349,422096840,1778134349.4220967,camera_link
53,53,1778134350,422350947,1778134350.422351,camera_link
54,54,1778134351,422352570,1778134351.4223526,camera_link
55,55,1778134352,426743262,1778134352.4267433,camera_link
56,56,1778134353,422159108,1778134353.4221592,camera_link
57,57,1778134354,422234729,1778134354.4222348,camera_link
58,58,1778134355,426206054,1778134355.426206,camera_link
59,59,1778134356,422201948,1778134356.4222019,camera_link
60,60,1778134357,422211876,1778134357.422212,camera_link
61,61,1778134358,426095847,1778134358.426096,camera_link
62,62,1778134359,422208048,1778134359.422208,camera_link
63,63,1778134360,422189682,1778134360.4221897,camera_link
64,64,1778134361,423935915,1778134361.423936,camera_link
65,65,1778134362,422466200,1778134362.4224663,camera_link
66,66,1778134363,422331686,1778134363.4223316,camera_link
67,67,1778134364,422421043,1778134364.422421,camera_link
68,68,1778134365,422330731,1778134365.4223306,camera_link
69,69,1778134366,413027850,1778134366.4130278,camera_link
70,70,1778134367,418787616,1778134367.4187877,camera_link
71,71,1778134368,422040353,1778134368.4220405,camera_link
72,72,1778134369,422754370,1778134369.4227543,camera_link
73,73,1778134370,422228632,1778134370.4222286,camera_link
74,74,1778134371,422345910,1778134371.4223459,camera_link
75,75,1778134372,421657656,1778134372.4216576,camera_link
76,76,1778134373,422438457,1778134373.4224384,camera_link
77,77,1778134374,413147356,1778134374.4131474,camera_link
78,78,1778134375,418607449,1778134375.4186075,camera_link
79,79,1778134376,418661677,1778134376.4186616,camera_link
80,80,1778134377,422190461,1778134377.4221904,camera_link
81,81,1778134378,422251453,1778134378.4222515,camera_link
82,82,1778134379,422326028,1778134379.422326,camera_link
83,83,1778134380,422434268,1778134380.4224343,camera_link
84,84,1778134381,422461495,1778134381.4224615,camera_link
85,85,1778134382,421990698,1778134382.4219906,camera_link
86,86,1778134383,424187193,1778134383.4241872,camera_link
87,87,1778134384,426541072,1778134384.426541,camera_link
88,88,1778134385,426529966,1778134385.42653,camera_link
89,89,1778134386,426766535,1778134386.4267666,camera_link
90,90,1778134387,426404742,1778134387.4264047,camera_link
91,91,1778134388,427359155,1778134388.427359,camera_link
92,92,1778134389,426411483,1778134389.4264114,camera_link
93,93,1778134390,427026323,1778134390.4270263,camera_link
94,94,1778134391,427096680,1778134391.4270966,camera_link
95,95,1778134392,426467204,1778134392.4264672,camera_link
96,96,1778134393,426947991,1778134393.426948,camera_link
97,97,1778134394,426256339,1778134394.4262564,camera_link
98,98,1778134395,426881956,1778134395.426882,camera_link
99,99,1778134396,426894865,1778134396.426895,camera_link
100,100,1778134397,426932290,1778134397.4269323,camera_link
101,101,1778134398,427331923,1778134398.427332,camera_link
102,102,1778134399,427024391,1778134399.4270244,camera_link
103,103,1778134400,427665476,1778134400.4276655,camera_link
104,104,1778134401,427195147,1778134401.427195,camera_link
105,105,1778134402,427274440,1778134402.4272745,camera_link
106,106,1778134403,427287678,1778134403.4272876,camera_link
107,107,1778134404,427350578,1778134404.4273505,camera_link
108,108,1778134405,427216159,1778134405.427216,camera_link
109,109,1778134406,427506987,1778134406.427507,camera_link
110,110,1778134407,426779416,1778134407.4267795,camera_link
111,111,1778134408,427302990,1778134408.427303,camera_link
112,112,1778134409,427300379,1778134409.4273005,camera_link
113,113,1778134410,427703807,1778134410.4277039,camera_link
114,114,1778134411,426703159,1778134411.4267032,camera_link
115,115,1778134412,427394721,1778134412.4273946,camera_link
116,116,1778134413,428827396,1778134413.4288273,camera_link
117,117,1778134414,426441796,1778134414.426442,camera_link
118,118,1778134415,425800744,1778134415.4258008,camera_link
119,119,1778134416,428956791,1778134416.4289567,camera_link
120,120,1778134417,427433777,1778134417.4274337,camera_link
121,121,1778134418,427877720,1778134418.4278777,camera_link
122,122,1778134419,428020509,1778134419.4280205,camera_link
123,123,1778134420,426400733,1778134420.4264007,camera_link
124,124,1778134421,426870372,1778134421.4268703,camera_link
125,125,1778134422,427729076,1778134422.4277291,camera_link
126,126,1778134423,427259526,1778134423.4272594,camera_link
127,127,1778134424,427739105,1778134424.4277391,camera_link
128,128,1778134425,427651361,1778134425.4276514,camera_link
129,129,1778134426,427020257,1778134426.4270203,camera_link
130,130,1778134427,426809302,1778134427.4268093,camera_link
131,131,1778134428,427087875,1778134428.4270878,camera_link
132,132,1778134429,427136726,1778134429.4271367,camera_link
133,133,1778134430,428044738,1778134430.4280448,camera_link
134,134,1778134431,423814505,1778134431.4238145,camera_link
135,135,1778134432,427642542,1778134432.4276426,camera_link
136,136,1778134433,419000630,1778134433.4190006,camera_link
137,137,1778134434,427611360,1778134434.4276114,camera_link
138,138,1778134435,422851186,1778134435.422851,camera_link
139,139,1778134436,426891709,1778134436.4268918,camera_link
140,140,1778134437,426716830,1778134437.4267168,camera_link
141,141,1778134438,427413435,1778134438.4274135,camera_link
142,142,1778134439,427925505,1778134439.4279256,camera_link
143,143,1778134440,427319404,1778134440.4273193,camera_link
144,144,1778134441,427558051,1778134441.427558,camera_link
145,145,1778134442,426658490,1778134442.4266584,camera_link
146,146,1778134443,427286164,1778134443.4272861,camera_link
147,147,1778134444,427683237,1778134444.4276834,camera_link
148,148,1778134445,427099360,1778134445.4270995,camera_link
149,149,1778134446,427406090,1778134446.427406,camera_link
150,150,1778134447,427792103,1778134447.427792,camera_link
151,151,1778134448,428002014,1778134448.428002,camera_link
152,152,1778134449,427500873,1778134449.427501,camera_link
153,153,1778134450,427452669,1778134450.4274526,camera_link
154,154,1778134451,428035286,1778134451.4280353,camera_link
155,155,1778134452,427524028,1778134452.427524,camera_link
156,156,1778134453,427188867,1778134453.4271889,camera_link
157,157,1778134454,427498414,1778134454.4274983,camera_link
158,158,1778134455,427775291,1778134455.4277754,camera_link
159,159,1778134456,428056155,1778134456.4280562,camera_link
160,160,1778134457,428331196,1778134457.4283311,camera_link
161,161,1778134458,442974214,1778134458.4429743,camera_link
162,162,1778134459,416450746,1778134459.4164507,camera_link
163,163,1778134460,422962720,1778134460.4229627,camera_link
164,164,1778134461,426730989,1778134461.4267309,camera_link
165,165,1778134462,426218133,1778134462.426218,camera_link
166,166,1778134463,426321572,1778134463.4263215,camera_link
167,167,1778134464,426572427,1778134464.4265723,camera_link
168,168,1778134465,426958337,1778134465.4269583,camera_link
169,169,1778134466,426730595,1778134466.4267306,camera_link
170,170,1778134467,426717723,1778134467.4267178,camera_link
171,171,1778134468,426434028,1778134468.426434,camera_link
172,172,1778134469,427410072,1778134469.4274101,camera_link
173,173,1778134470,426761713,1778134470.4267616,camera_link
174,174,1778134471,426677159,1778134471.4266772,camera_link
175,175,1778134472,426508779,1778134472.4265087,camera_link
176,176,1778134473,427924958,1778134473.4279249,camera_link
177,177,1778134474,422909199,1778134474.4229093,camera_link
178,178,1778134475,430522225,1778134475.4305222,camera_link
179,179,1778134476,430980067,1778134476.43098,camera_link
180,180,1778134477,428616038,1778134477.428616,camera_link
181,181,1778134478,426648673,1778134478.4266486,camera_link
182,182,1778134479,425050541,1778134479.4250505,camera_link
183,183,1778134480,425367388,1778134480.4253674,camera_link
184,184,1778134481,427307168,1778134481.4273071,camera_link
185,185,1778134482,427969973,1778134482.42797,camera_link
186,186,1778134483,416074184,1778134483.4160743,camera_link
187,187,1778134484,421078808,1778134484.421079,camera_link
188,188,1778134485,417654041,1778134485.417654,camera_link
189,189,1778134486,425368806,1778134486.4253688,camera_link
190,190,1778134487,427526383,1778134487.4275265,camera_link
191,191,1778134488,427581867,1778134488.4275818,camera_link
192,192,1778134489,427537608,1778134489.4275377,camera_link
193,193,1778134490,415663608,1778134490.4156637,camera_link
194,194,1778134491,421468233,1778134491.4214683,camera_link
195,195,1778134492,424335670,1778134492.4243357,camera_link
196,196,1778134493,420198104,1778134493.4201982,camera_link
197,197,1778134494,416423868,1778134494.4164238,camera_link
198,198,1778134495,429446604,1778134495.4294467,camera_link
199,199,1778134496,425862976,1778134496.425863,camera_link
200,200,1778134497,427307416,1778134497.4273074,camera_link
201,201,1778134498,423948139,1778134498.423948,camera_link
202,202,1778134499,427660640,1778134499.4276607,camera_link
203,203,1778134500,428052728,1778134500.4280527,camera_link
204,204,1778134501,426569600,1778134501.4265697,camera_link
205,205,1778134502,427989790,1778134502.4279897,camera_link
206,206,1778134503,427079804,1778134503.42708,camera_link
207,207,1778134504,428099469,1778134504.4280994,camera_link
208,208,1778134505,424723290,1778134505.4247234,camera_link
209,209,1778134506,427095327,1778134506.4270954,camera_link
210,210,1778134507,428033094,1778134507.428033,camera_link
211,211,1778134508,427279963,1778134508.42728,camera_link
212,212,1778134509,430456286,1778134509.4304564,camera_link
213,213,1778134510,427540761,1778134510.4275408,camera_link
214,214,1778134511,427071882,1778134511.4270718,camera_link
215,215,1778134512,428041208,1778134512.4280412,camera_link
216,216,1778134513,427817941,1778134513.427818,camera_link
217,217,1778134514,427952433,1778134514.4279525,camera_link
218,218,1778134515,428233268,1778134515.4282334,camera_link
219,219,1778134516,427357565,1778134516.4273577,camera_link
220,220,1778134517,428199462,1778134517.4281995,camera_link
221,221,1778134518,428292326,1778134518.4282923,camera_link
222,222,1778134519,426934537,1778134519.4269345,camera_link
223,223,1778134520,428034692,1778134520.4280348,camera_link
224,224,1778134521,427965128,1778134521.4279652,camera_link
225,225,1778134522,427376455,1778134522.4273765,camera_link
226,226,1778134523,428144883,1778134523.428145,camera_link
227,227,1778134524,427850299,1778134524.4278502,camera_link
228,228,1778134525,427533914,1778134525.4275339,camera_link
229,229,1778134526,427998531,1778134526.4279985,camera_link
230,230,1778134527,427623767,1778134527.4276237,camera_link
231,231,1778134528,426527199,1778134528.4265273,camera_link
232,232,1778134529,427568879,1778134529.427569,camera_link
233,233,1778134530,430046473,1778134530.4300466,camera_link
234,234,1778134531,427504823,1778134531.4275048,camera_link
235,235,1778134532,427555598,1778134532.4275556,camera_link
236,236,1778134533,427851671,1778134533.4278517,camera_link
237,237,1778134534,427566173,1778134534.4275663,camera_link
238,238,1778134535,427185716,1778134535.4271858,camera_link
239,239,1778134536,427388093,1778134536.4273882,camera_link
240,240,1778134537,427632027,1778134537.427632,camera_link
241,241,1778134538,428280000,1778134538.42828,camera_link
242,242,1778134539,427621401,1778134539.4276214,camera_link
243,243,1778134540,427174949,1778134540.427175,camera_link
244,244,1778134541,426850680,1778134541.4268508,camera_link
245,245,1778134542,427485718,1778134542.4274857,camera_link
246,246,1778134543,430260777,1778134543.4302607,camera_link
247,247,1778134544,426535269,1778134544.4265354,camera_link
248,248,1778134545,427577828,1778134545.4275777,camera_link
249,249,1778134546,428193857,1778134546.4281938,camera_link
250,250,1778134547,427572199,1778134547.4275723,camera_link
251,251,1778134548,428702735,1778134548.4287028,camera_link
252,252,1778134549,427607456,1778134549.4276075,camera_link
253,253,1778134550,427773824,1778134550.4277737,camera_link
254,254,1778134551,427077234,1778134551.4270773,camera_link
255,255,1778134552,423236522,1778134552.4232366,camera_link
256,256,1778134553,425980270,1778134553.4259803,camera_link
257,257,1778134554,429621180,1778134554.4296212,camera_link
258,258,1778134555,416456705,1778134555.4164567,camera_link
259,259,1778134556,427018541,1778134556.4270186,camera_link
260,260,1778134557,427603772,1778134557.4276037,camera_link
261,261,1778134558,427497657,1778134558.4274976,camera_link
262,262,1778134559,428963941,1778134559.428964,camera_link
263,263,1778134560,428205523,1778134560.4282055,camera_link
264,264,1778134561,426881826,1778134561.4268818,camera_link
265,265,1778134562,428496828,1778134562.4284968,camera_link
266,266,1778134563,429036246,1778134563.4290361,camera_link
267,267,1778134564,428461262,1778134564.4284613,camera_link
268,268,1778134565,427300190,1778134565.4273002,camera_link
269,269,1778134566,425313668,1778134566.4253137,camera_link
270,270,1778134567,427381629,1778134567.4273815,camera_link
271,271,1778134568,427550379,1778134568.4275503,camera_link
272,272,1778134569,428133446,1778134569.4281335,camera_link
273,273,1778134570,428417780,1778134570.4284177,camera_link
274,274,1778134571,428294401,1778134571.4282944,camera_link
275,275,1778134572,427614419,1778134572.4276145,camera_link
276,276,1778134573,428445870,1778134573.4284458,camera_link
277,277,1778134574,427741652,1778134574.4277418,camera_link
278,278,1778134575,428207231,1778134575.4282072,camera_link
279,279,1778134576,428352736,1778134576.4283528,camera_link
280,280,1778134577,427991561,1778134577.4279916,camera_link
281,281,1778134578,427187073,1778134578.427187,camera_link
282,282,1778134579,427312229,1778134579.4273121,camera_link
283,283,1778134580,427912046,1778134580.427912,camera_link
284,284,1778134581,427006712,1778134581.4270067,camera_link
285,285,1778134582,427026501,1778134582.4270265,camera_link
286,286,1778134583,427730402,1778134583.4277303,camera_link
287,287,1778134584,427816625,1778134584.4278166,camera_link
288,288,1778134585,427481523,1778134585.4274814,camera_link
289,289,1778134586,428090407,1778134586.4280903,camera_link
290,290,1778134587,428319759,1778134587.4283197,camera_link
291,291,1778134588,425348579,1778134588.4253485,camera_link
292,292,1778134589,427469409,1778134589.4274695,camera_link
293,293,1778134590,426846735,1778134590.4268467,camera_link
294,294,1778134591,426967073,1778134591.4269671,camera_link
295,295,1778134592,427061739,1778134592.4270618,camera_link
296,296,1778134593,427201824,1778134593.4272017,camera_link
297,297,1778134594,427231017,1778134594.427231,camera_link
298,298,1778134595,427103162,1778134595.4271033,camera_link
299,299,1778134596,427580296,1778134596.4275804,camera_link
300,300,1778134597,428298072,1778134597.428298,camera_link
301,301,1778134598,428960047,1778134598.42896,camera_link
